antibody_chain,antibody_resindex,antibody_resiname,antigen_chain,antigen_resindex,antigen_resiname,distance
H,60,ALA,G,459,GLY,4.157
H,55,GLY,G,367,GLY,4.229
H,56,ALA,G,367,GLY,4.531
H,61,ARG,G,459,GLY,5.306
H,54,TRP,G,368,ASP,5.358
H,60,ALA,G,458,GLY,5.548
H,54,TRP,G,367,GLY,5.639
H,57,VAL,G,366,GLY,5.833
H,56,ALA,G,366,GLY,6.014
H,55,GLY,G,368,ASP,6.092
H,61,ARG,G,458,GLY,6.205
H,57,VAL,G,365,SER,6.243
L,97,PHE,G,460,ALA,6.322
H,61,ARG,G,461,ASN,6.338
H,62,GLN,G,461,ASN,6.372
L,96,GLU,G,459,GLY,6.452
H,57,VAL,G,367,GLY,6.535
H,58,SER,G,457,ASP,6.668
H,58,SER,G,365,SER,6.727
H,61,ARG,G,457,ASP,6.749
L,91,TYR,G,279,ASN,6.816
H,54,TRP,G,473,GLY,6.897
H,47,TRP,G,459,GLY,6.937
H,62,GLN,G,459,GLY,7.034
H,60,ALA,G,457,ASP,7.04
H,60,ALA,G,460,ALA,7.067
H,55,GLY,G,366,GLY,7.087
H,54,TRP,G,371,ILE,7.151
H,59,TYR,G,457,ASP,7.166
H,74,TYR,G,124,GLY,7.181
H,59,TYR,G,458,GLY,7.289
L,96,GLU,G,460,ALA,7.328
H,100E,ASN,G,281,ALA,7.337
H,56,ALA,G,368,ASP,7.37
H,61,ARG,G,460,ALA,7.386
H,62,GLN,G,460,ALA,7.415
H,53,ARG,G,429,GLY,7.425
H,48,MET,G,459,GLY,7.443
L,97,PHE,G,459,GLY,7.487
H,59,TYR,G,459,GLY,7.493
H,46,GLU,G,460,ALA,7.494
H,59,TYR,G,365,SER,7.495
H,56,ALA,G,371,ILE,7.513
L,28,TYR,G,278,THR,7.57
H,58,SER,G,458,GLY,7.609
H,54,TRP,G,370,GLU,7.675
H,47,TRP,G,460,ALA,7.69
H,70,THR,G,367,GLY,7.727
L,96,GLU,G,458,GLY,7.731
H,49,GLY,G,459,GLY,7.756
H,56,ALA,G,365,SER,7.797
H,58,SER,G,281,ALA,7.973
L,29,GLY,G,278,THR,7.997
H,60,ALA,G,461,ASN,8.002
H,53,ARG,G,473,GLY,8.02
H,68,THR,G,366,GLY,8.056
H,58,SER,G,280,ASN,8.104
H,74,TYR,G,198,GLY,8.118
H,69,MET,G,366,GLY,8.144
H,50,TRP,G,281,ALA,8.191
H,56,ALA,G,473,GLY,8.23
H,58,SER,G,366,GLY,8.246
H,58,SER,G,455,THR,8.285
L,91,TYR,G,280,ASN,8.293
H,57,VAL,G,364,PRO,8.303
H,49,GLY,G,458,GLY,8.333
H,100A,ARG,G,102,GLU,8.335
H,58,SER,G,456,ARG,8.384
H,56,ALA,G,364,PRO,8.434
H,56,ALA,G,372,THR,8.461
H,54,TRP,G,369,LEU,8.473
L,91,TYR,G,278,THR,8.473
L,29,GLY,G,279,ASN,8.5
H,46,GLU,G,459,GLY,8.505
H,70,THR,G,366,GLY,8.557
H,56,ALA,G,471,GLY,8.576
H,54,TRP,G,425,ASN,8.617
L,96,GLU,G,280,ASN,8.657
L,27,GLN,G,278,THR,8.659
H,63,LEU,G,459,GLY,8.712
L,98,PHE,G,460,ALA,8.722
H,68,THR,G,365,SER,8.724
H,53,ARG,G,474,ASN,8.738
H,64,GLN,G,365,SER,8.743
H,33,PRO,G,281,ALA,8.764
H,30,ILE,G,429,GLY,8.779
H,53,ARG,G,427,TRP,8.782
H,51,MET,G,367,GLY,8.789
L,96,GLU,G,279,ASN,8.81
H,52,LYS,G,367,GLY,8.827
H,54,TRP,G,427,TRP,8.839
H,100D,TYR,G,281,ALA,8.84
H,69,MET,G,367,GLY,8.846
H,58,SER,G,364,PRO,8.889
H,55,GLY,G,371,ILE,8.923
H,52A,PRO,G,367,GLY,8.977
H,100B,ASP,G,97,LYS,8.995
H,56,ALA,G,472,GLY,9.007
H,61,ARG,G,467,THR,9.019
H,53,ARG,G,368,ASP,9.026
H,73,MET,G,431,GLY,9.034
L,3,VAL,G,460,ALA,9.078
H,73,MET,G,124,GLY,9.088
H,48,MET,G,460,ALA,9.093
H,53,ARG,G,367,GLY,9.094
H,65,GLY,G,365,SER,9.12
H,100F,TRP,G,281,ALA,9.153
H,54,TRP,G,366,GLY,9.191
H,54,TRP,G,474,ASN,9.193
L,29,GLY,G,278,THR,9.219
H,100F,TRP,G,279,ASN,9.242
H,61,ARG,G,463,THR,9.251
H,58,SER,G,459,GLY,9.252
L,91,TYR,G,281,ALA,9.266
H,100E,ASN,G,279,ASN,9.271
L,29,GLY,G,276,ASN,9.315
H,62,GLN,G,458,GLY,9.354
H,54,TRP,G,429,GLY,9.386
H,61,ARG,G,462,ASN,9.394
H,51,MET,G,366,GLY,9.395
L,91,TYR,G,459,GLY,9.415
H,54,TRP,G,372,THR,9.442
H,53,ARG,G,430,THR,9.461
H,100E,ASN,G,282,LYS,9.47
H,71,ARG,G,367,GLY,9.47
H,57,VAL,G,281,ALA,9.488
H,100D,TYR,G,282,LYS,9.492
H,52,LYS,G,281,ALA,9.508
H,47,TRP,G,458,GLY,9.517
L,91,TYR,G,458,GLY,9.539
H,62,GLN,G,462,ASN,9.541
H,59,TYR,G,366,GLY,9.549
H,48,MET,G,458,GLY,9.6
H,100A,ARG,G,476,LYS,9.617
L,27,GLN,G,278,THR,9.629
H,100B,ASP,G,96,TRP,9.631
L,97,PHE,G,458,GLY,9.636
H,100A,ARG,G,97,LYS,9.639
H,49,GLY,G,457,ASP,9.643
H,69,MET,G,365,SER,9.648
H,54,TRP,G,472,GLY,9.652
H,58,SER,G,469,ARG,9.671
L,28,TYR,G,279,ASN,9.672
H,50,TRP,G,280,ASN,9.719
H,51,MET,G,281,ALA,9.723
H,74,TYR,G,123,THR,9.729
H,55,GLY,G,369,LEU,9.731
H,64,GLN,G,457,ASP,9.743
L,90,GLN,G,279,ASN,9.744
H,57,VAL,G,455,THR,9.755
H,55,GLY,G,473,GLY,9.756
L,3,VAL,G,462,ASN,9.765
H,100A,ARG,G,99,ASN,9.806
H,64,GLN,G,459,GLY,9.808
H,100D,TYR,G,279,ASN,9.824
H,100E,ASN,G,280,ASN,9.843
L,97,PHE,G,461,ASN,9.847
H,63,LEU,G,461,ASN,9.868
H,61,ARG,G,466,GLU,9.868
L,28,TYR,G,276,ASN,9.892
L,29,GLY,G,279,ASN,9.897
H,49,GLY,G,281,ALA,9.902
H,70,THR,G,368,ASP,9.908
H,74,TYR,G,431,GLY,9.913
H,55,GLY,G,372,THR,9.922
L,96,GLU,G,281,ALA,9.95
H,53,ARG,G,431,GLY,9.95
H,54,TRP,G,426,MET,9.95
H,58,SER,G,367,GLY,9.961
H,63,LEU,G,460,ALA,9.97
H,49,GLY,G,280,ASN,9.984
H,53,ARG,G,425,ASN,10.002
H,45,PRO,G,460,ALA,10.024
H,44,ARG,G,460,ALA,10.035
H,62,GLN,G,463,THR,10.037
H,67,VAL,G,365,SER,10.038
H,100C,TYR,G,281,ALA,10.043
H,52A,PRO,G,368,ASP,10.045
H,55,GLY,G,365,SER,10.056
H,52,LYS,G,473,GLY,10.071
H,68,THR,G,367,GLY,10.091
H,100C,TYR,G,282,LYS,10.094
H,57,VAL,G,457,ASP,10.097
H,56,ALA,G,370,GLU,10.1
H,56,ALA,G,369,LEU,10.117
H,57,VAL,G,471,GLY,10.128
H,73,MET,G,430,THR,10.155
H,60,ALA,G,280,ASN,10.159
H,56,ALA,G,455,THR,10.162
H,57,VAL,G,368,ASP,10.17
H,55,GLY,G,370,GLU,10.189
H,59,TYR,G,280,ASN,10.19
H,59,TYR,G,456,ARG,10.207
H,53,ARG,G,426,MET,10.216
L,28,TYR,G,277,LEU,10.245
H,53,ARG,G,428,GLN,10.261
L,91,TYR,G,460,ALA,10.287
H,50,TRP,G,458,GLY,10.288
H,30,ILE,G,430,THR,10.314
L,3,VAL,G,461,ASN,10.341
H,56,ALA,G,474,ASN,10.341
L,29,GLY,G,276,ASN,10.343
L,28,TYR,G,278,THR,10.346
L,90,GLN,G,278,THR,10.346
H,100F,TRP,G,280,ASN,10.361
H,57,VAL,G,372,THR,10.362
L,4,LEU,G,460,ALA,10.37
L,96,GLU,G,278,THR,10.395
H,56,ALA,G,281,ALA,10.415
H,64,GLN,G,458,GLY,10.417
H,53,ARG,G,371,ILE,10.432
H,57,VAL,G,371,ILE,10.493
H,54,TRP,G,431,GLY,10.507
H,62,GLN,G,457,ASP,10.516
H,52,LYS,G,474,ASN,10.517
H,61,ARG,G,456,ARG,10.543
H,59,TYR,G,364,PRO,10.556
H,100A,ARG,G,101,VAL,10.557
H,51,MET,G,365,SER,10.564
H,31,ASN,G,429,GLY,10.576
H,73,MET,G,123,THR,10.603
H,75,SER,G,124,GLY,10.612
H,49,GLY,G,460,ALA,10.612
H,58,SER,G,468,PHE,10.616
L,98,PHE,G,459,GLY,10.62
H,60,ALA,G,456,ARG,10.64
H,63,LEU,G,458,GLY,10.645
L,30,SER,G,279,ASN,10.649
H,71,ARG,G,368,ASP,10.652
H,52,LYS,G,366,GLY,10.653
L,30,SER,G,279,ASN,10.661
H,67,VAL,G,366,GLY,10.682
L,29,GLY,G,277,LEU,10.682
H,100A,ARG,G,474,ASN,10.683
H,50,TRP,G,459,GLY,10.702
H,58,SER,G,471,GLY,10.707
H,57,VAL,G,469,ARG,10.713
H,100A,ARG,G,96,TRP,10.722
L,96,GLU,G,461,ASN,10.728
H,32,CYS,G,281,ALA,10.733
H,61,ARG,G,465,ASN,10.734
H,46,GLU,G,461,ASN,10.755
H,52A,PRO,G,429,GLY,10.772
H,35,ASN,G,281,ALA,10.784
H,59,TYR,G,460,ALA,10.787
H,60,ALA,G,365,SER,10.791
H,73,MET,G,198,GLY,10.795
H,53,ARG,G,370,GLU,10.825
H,57,VAL,G,280,ASN,10.843
H,56,ALA,G,470,PRO,10.897
H,49,GLY,G,365,SER,10.905
H,100,ALA,G,102,GLU,10.908
H,59,TYR,G,281,ALA,10.931
H,52,LYS,G,368,ASP,10.948
H,52A,PRO,G,473,GLY,10.96
H,100B,ASP,G,282,LYS,10.977
L,99,GLY,G,460,ALA,10.986
H,47,TRP,G,461,ASN,10.987
H,54,TRP,G,471,GLY,10.995
H,31,ASN,G,474,ASN,10.998
H,58,SER,G,282,LYS,11.011
H,50,TRP,G,457,ASP,11.032
H,100A,ARG,G,98,ASN,11.033
H,57,VAL,G,456,ARG,11.089
H,64,GLN,G,461,ASN,11.107
H,74,TYR,G,430,THR,11.116
L,97,PHE,G,279,ASN,11.118
L,27,GLN,G,279,ASN,11.123
H,54,TRP,G,430,THR,11.126
H,60,ALA,G,467,THR,11.136
H,55,GLY,G,364,PRO,11.14
H,34,ILE,G,281,ALA,11.159
H,100B,ASP,G,102,GLU,11.172
L,90,GLN,G,460,ALA,11.174
H,53,ARG,G,472,GLY,11.18
H,61,ARG,G,365,SER,11.181
H,65,GLY,G,366,GLY,11.181
H,75,SER,G,198,GLY,11.181
H,59,TYR,G,455,THR,11.181
H,58,SER,G,467,THR,11.192
L,30,SER,G,278,THR,11.194
H,56,ALA,G,469,ARG,11.195
H,50,TRP,G,365,SER,11.203
H,100A,ARG,G,105,GLN,11.223
L,96,GLU,G,457,ASP,11.241
H,100B,ASP,G,476,LYS,11.246
H,73,MET,G,429,GLY,11.256
H,50,TRP,G,366,GLY,11.27
L,30,SER,G,278,THR,11.276
H,70,THR,G,365,SER,11.28
H,63,LEU,G,457,ASP,11.305
H,54,TRP,G,257,THR,11.31
H,59,TYR,G,467,THR,11.339
H,33,PRO,G,282,LYS,11.344
L,91,TYR,G,276,ASN,11.348
H,57,VAL,G,458,GLY,11.364
L,91,TYR,G,282,LYS,11.375
H,37,ILE,G,459,GLY,11.387
H,64,GLN,G,467,THR,11.396
H,100D,TYR,G,276,ASN,11.411
H,100D,TYR,G,280,ASN,11.424
H,71,ARG,G,366,GLY,11.426
H,53,ARG,G,475,ILE,11.431
H,100D,TYR,G,275,GLU,11.434
H,48,MET,G,461,ASN,11.439
H,100F,TRP,G,282,LYS,11.465
H,100B,ASP,G,99,ASN,11.477
H,100B,ASP,G,474,ASN,11.485
H,64,GLN,G,366,GLY,11.507
H,54,TRP,G,428,GLN,11.508
H,66,ARG,G,365,SER,11.528
H,58,SER,G,283,THR,11.531
L,97,PHE,G,280,ASN,11.534
L,90,GLN,G,459,GLY,11.543
H,56,ALA,G,283,THR,11.553
H,61,ARG,G,468,PHE,11.561
H,30,ILE,G,474,ASN,11.565
H,100B,ASP,G,98,ASN,11.567
H,64,GLN,G,362,GLN,11.568
H,59,TYR,G,469,ARG,11.572
H,60,ALA,G,462,ASN,11.592
H,55,GLY,G,425,ASN,11.598
L,97,PHE,G,278,THR,11.599
H,57,VAL,G,472,GLY,11.601
H,48,MET,G,457,ASP,11.602
H,73,MET,G,432,GLN,11.609
H,59,TYR,G,461,ASN,11.612
H,57,VAL,G,473,GLY,11.621
H,76,GLU,G,124,GLY,11.639
H,58,SER,G,454,LEU,11.644
H,55,GLY,G,472,GLY,11.647
H,45,PRO,G,459,GLY,11.66
L,91,TYR,G,277,LEU,11.663
H,52,LYS,G,472,GLY,11.669
H,100B,ASP,G,275,GLU,11.676
H,52A,PRO,G,474,ASN,11.685
H,100,ALA,G,429,GLY,11.689
L,3,VAL,G,459,GLY,11.689
H,50,TRP,G,367,GLY,11.695
H,52A,PRO,G,366,GLY,11.698
H,54,TRP,G,475,ILE,11.698
H,100C,TYR,G,97,LYS,11.707
H,57,VAL,G,470,PRO,11.708
H,58,SER,G,279,ASN,11.711
H,52,LYS,G,282,LYS,11.722
H,61,ARG,G,280,ASN,11.726
H,29,PHE,G,429,GLY,11.727
H,58,SER,G,470,PRO,11.729
H,74,TYR,G,199,SER,11.734
H,100A,ARG,G,477,ASP,11.74
H,58,SER,G,363,PRO,11.743
H,63,LEU,G,365,SER,11.749
H,95,GLY,G,281,ALA,11.75
H,54,TRP,G,424,ILE,11.762
L,90,GLN,G,280,ASN,11.766
H,52,LYS,G,371,ILE,11.786
H,100C,TYR,G,96,TRP,11.794
L,29,GLY,G,277,LEU,11.803
L,30,SER,G,276,ASN,11.808
H,100A,ARG,G,103,GLN,11.809
H,30,ILE,G,431,GLY,11.81
H,51,MET,G,368,ASP,11.824
H,64,GLN,G,364,PRO,11.827
H,50,TRP,G,282,LYS,11.832
L,30,SER,G,276,ASN,11.841
H,56,ALA,G,373,MET,11.85
H,54,TRP,G,373,MET,11.854
H,72,ASP,G,431,GLY,11.854
H,57,VAL,G,363,PRO,11.856
H,72,ASP,G,367,GLY,11.862
L,27,GLN,G,277,LEU,11.867
H,54,TRP,G,432,GLN,11.867
H,60,ALA,G,281,ALA,11.883
H,55,GLY,G,474,ASN,11.884
H,46,GLU,G,458,GLY,11.885
L,89,GLN,G,460,ALA,11.893
H,55,GLY,G,471,GLY,11.901
H,72,ASP,G,368,ASP,11.911
H,49,GLY,G,366,GLY,11.917
H,64,GLN,G,460,ALA,11.919
H,100C,TYR,G,275,GLU,11.925
H,37,ILE,G,460,ALA,11.932
H,61,ARG,G,464,SER,11.95
H,36,TRP,G,459,GLY,11.956
H,59,TYR,G,468,PHE,11.961
H,56,ALA,G,454,LEU,11.965
H,56,ALA,G,257,THR,11.972
H,100B,ASP,G,281,ALA,11.976
L,97,PHE,G,462,ASN,11.976
H,69,MET,G,368,ASP,11.979
H,28,GLU,G,429,GLY,11.988
H,100,ALA,G,474,ASN,11.991
H,74,TYR,G,122,LEU,11.993
